ID,Nombre,Usuario,Entrada,Salida,Minutos,% Reunion,Hablo,Minutos Voz,Meditacion,Reconexiones,Puntos Hoy,Puntos Mes,Puntos Totales,Rango,Medallas
6682205816,Hugo Abad,,07:57:51 PM,10:02:27 PM,124,99%,Si,106.8,Si,1,135,385,385,🥈 Plata,
8200916162,Nely Garcia Naranjo🇲🇽🇲🇽🇲🇽,,07:58:04 PM,10:02:27 PM,120,96%,Si,100.7,Si,1,135,225,225,🥉 Bronce,
8303552325,Nora Monica Gallegos Sanchez,,07:58:21 PM,09:44:52 PM,106,85%,Si,91.6,Si,0,135,260,260,🥈 Plata,
8278899029,GERARDO ARGUELLO2,,07:58:50 PM,09:18:40 PM,44,35%,Si,37.9,Si,1,0,0,0,👑 Admin,
1274278834,YASNA ANDRADE SAIGG Linaje Rha,,07:59:48 PM,10:02:27 PM,123,98%,Si,105.2,Si,0,135,325,325,🥈 Plata,
5004758873,Rigoberto Martínez Martinez. 01041948,,08:00:36 PM,10:02:27 PM,122,97%,Si,104.5,Si,0,135,250,250,🥈 Plata,
6042538506,Paty,,08:01:26 PM,10:02:18 PM,121,97%,Si,103.6,Si,0,135,210,210,🥉 Bronce,
5361067995,marcelo😇❤️‍🔥🐶 soy una chispa de luz y amor de mi padre creador,,08:01:43 PM,10:00:04 PM,118,94%,Si,101.4,Si,2,135,240,240,🥉 Bronce,
8522415010,Salvador Benitez,,08:01:48 PM,09:59:50 PM,118,94%,Si,101.3,Si,0,135,350,350,🥈 Plata,
6522112464,Cristina López Sanabria,,08:01:52 PM,10:02:27 PM,121,96%,Si,103.4,Si,0,135,240,240,🥉 Bronce,
5540362655,Alejandro rizo,,08:02:11 PM,10:02:27 PM,120,96%,Si,103.1,Si,0,135,260,260,🥈 Plata,
7427686093,Claudia Marina🇦🇷,,08:02:38 PM,10:02:27 PM,114,91%,Si,97.5,Si,1,135,335,335,🥈 Plata,
8198899056,Jose Mauricio Obando Brenes,,08:03:41 PM,10:02:27 PM,119,95%,Si,101.8,Si,0,125,200,200,🥉 Bronce,
2122235840,C. Rodrig🌎 P H 🦂🇪🇨🇪🇨🇪🇨 +593 Los milagros necesitan un conocimiento 🙏,,08:03:47 PM,09:23:14 PM,79,64%,Si,68.2,Si,0,110,235,235,🥉 Bronce,
2028171698,Alicia Vega Romero 🇲🇽,,08:03:54 PM,10:02:27 PM,117,94%,Si,100.5,Si,6,125,200,200,🥉 Bronce,
8648884629,Rafaelescobar.Con,,08:04:19 PM,09:24:31 PM,80,64%,Si,68.9,Si,0,100,100,100,🥉 Bronce,
5622858926,Cecilia Torres,,08:04:26 PM,10:02:27 PM,118,94%,Si,101.1,Si,0,125,230,230,🥉 Bronce,
5450159358,Jesse Aguilar,,08:06:26 PM,10:02:27 PM,116,93%,Si,99.4,Si,0,125,230,230,🥉 Bronce,
5542767114,Elvia Lopez,,08:08:21 PM,10:02:27 PM,111,88%,Si,94.8,Si,4,115,345,345,🥈 Plata,
7632918605,J L CELIS R🇲🇽🇲🇽🇲🇽CHOQUITO,,08:11:06 PM,09:57:43 PM,107,85%,Si,91.3,Si,0,115,240,240,🥉 Bronce,
5050215091,Antonio🇲🇽 Frias,,08:12:09 PM,10:02:27 PM,110,88%,Si,94.3,Si,0,115,190,190,🥉 Bronce,
5513366676,Martha Valdez,,08:12:17 PM,10:02:27 PM,110,88%,Si,94.1,Si,1,115,205,205,🥉 Bronce,
7823494673,Norma campos carrillo ❤️,,08:12:53 PM,10:02:27 PM,109,87%,Si,92.8,Si,1,115,315,315,🥈 Plata,
8077772985,Juan Álvarez,,08:14:01 PM,10:02:27 PM,108,87%,Si,92.7,Si,0,115,205,205,🥉 Bronce,
8239058807,lus marya vega,,08:14:08 PM,10:02:11 PM,108,86%,Si,92.3,Si,0,115,190,190,🥉 Bronce,
2136742300,Elvira💗 Gomez,@Elvira_Gomez,08:14:27 PM,10:02:13 PM,63,50%,Si,54.1,No,6,70,145,145,🥉 Bronce,
5632639899,Rosario Castellanos,,08:14:43 PM,10:02:27 PM,103,82%,Si,87.9,Si,1,115,205,205,🥉 Bronce,
5079681384,jose luis pulido🇲🇽❤️ Nayarit,,08:16:37 PM,10:00:46 PM,104,83%,Si,89.1,Si,0,115,190,190,🥉 Bronce,
1685424532,José Juan,,08:16:57 PM,09:59:34 PM,99,79%,Si,84.7,Si,4,100,185,185,🥉 Bronce,
932047111,José Luis Palma,@Palma202,08:17:03 PM,09:57:40 PM,101,80%,Si,86.1,Si,0,115,190,190,🥉 Bronce,
1806458061,Isaac Hernández R,,08:17:54 PM,09:06:15 PM,48,38%,Si,33.0,Si,6,90,90,90,🥉 Bronce,
1629815524,Morelia Galvis,,08:18:06 PM,09:30:28 PM,70,56%,Si,59.8,Si,1,100,190,190,🥉 Bronce,
6727990351,Clemencia Atenko Peralta,@Ole99Acozkt,08:18:08 PM,10:02:27 PM,104,83%,Si,87.6,Si,0,115,240,240,🥉 Bronce,
5399812998,Maria,,08:18:35 PM,10:02:27 PM,104,83%,Si,88.7,Si,0,115,190,190,🥉 Bronce,
1520577052,Cielo azul 🇲🇽🇲🇽🇲🇽❤️😘😂,,08:18:37 PM,10:02:27 PM,103,83%,Si,88.2,Si,1,115,190,190,🥉 Bronce,
8170097685,Efrain Rodriguez,,08:19:49 PM,09:57:36 PM,98,78%,Si,83.7,Si,0,100,175,175,🥉 Bronce,
6806793880,Juanita Marín Sánchez,,08:20:02 PM,10:02:27 PM,79,63%,Si,67.6,Si,2,100,175,175,🥉 Bronce,
5455183379,Olga Arteaga 🙏🙏♥️♥️,,08:21:31 PM,10:02:27 PM,95,76%,Si,80.8,Si,3,100,215,215,🥉 Bronce,
8701889707,Rafael Salas,,08:21:56 PM,09:59:13 PM,97,78%,Si,83.2,Si,0,100,165,165,🥉 Bronce,
6207989093,Alexis Gutiérrez,,08:22:00 PM,10:02:27 PM,100,80%,Si,85.7,Si,0,115,285,285,🥈 Plata,
5071835914,Eddie Arellano,,08:21:59 PM,10:02:27 PM,100,80%,Si,85.8,Si,0,115,190,190,🥉 Bronce,
5934419565,Alexander 🇨🇴 57 colombia🇨🇴 Paredes,,08:22:02 PM,09:39:53 PM,78,62%,Si,66.6,Si,0,100,175,175,🥉 Bronce,
8295237894,Erika Hernández Sánchez🇲🇽,@Eri198906,08:22:32 PM,10:00:18 PM,88,71%,Si,75.7,Si,4,100,185,185,🥉 Bronce,
7780003214,Lia Castro Venegas 🇨🇷🇨🇷🇨🇷,,08:22:39 PM,10:02:27 PM,100,80%,Si,85.3,Si,0,115,180,180,🥉 Bronce,
8384683142,Claudia Maricela Campos Rodríguez,,08:23:47 PM,09:31:38 PM,68,54%,Si,58.0,Si,0,0,0,0,👑 Admin,
1655531985,Monica Romero,,08:24:25 PM,09:27:20 PM,63,50%,Si,53.8,Si,0,100,190,190,🥉 Bronce,
5144587486,ALÝ Zolárez,,08:25:40 PM,09:16:26 PM,34,27%,Si,29.3,Si,1,75,75,75,🥉 Bronce,
8204833441,Gerardo ARGUELLO,@gerardoarguello,08:28:41 PM,09:47:55 PM,79,63%,Si,67.8,Si,0,0,0,0,👑 Admin,
1850767907,Lucas 🇲🇽ve 🇲🇽san🇲🇽,,08:29:09 PM,10:02:27 PM,93,75%,Si,79.7,Si,0,100,175,175,🥉 Bronce,
724284271,ISIDORA MAMÁ DE CAMILA DORA PACO BAUTISTA,,08:31:21 PM,10:02:27 PM,91,73%,Si,77.9,Si,0,100,205,205,🥉 Bronce,
8916842088,GERARDO Argüello 3,@gerardoarguellosolano,08:31:35 PM,10:01:29 PM,90,72%,Si,76.9,Si,0,0,0,0,👑 Admin,
1641330878,Hermelinda Correa Amarilla,,08:34:49 PM,10:02:27 PM,88,70%,Si,74.9,Si,0,100,175,175,🥉 Bronce,
5572441866,Eduardo Kareka,,08:35:21 PM,09:59:50 PM,84,67%,Si,72.0,Si,4,100,175,175,🥉 Bronce,
6650270269,DIEGO ⚪🔼♥️✴️. 🇦🇷❤️C❤️,,08:36:45 PM,10:02:27 PM,86,69%,Si,73.3,Si,0,100,175,175,🥉 Bronce,
1731603744,Paola,,08:44:00 PM,10:02:27 PM,65,52%,Si,55.2,Si,1,100,165,165,🥉 Bronce,
8650059233,German Milian,,09:01:36 PM,09:59:07 PM,57,46%,Si,49.1,Si,0,90,90,90,🥉 Bronce,
5848073847,Martha. López Sanabria. 🇲🇽,,09:03:00 PM,10:02:27 PM,59,48%,Si,50.6,Si,0,100,190,190,🥉 Bronce,
5319209617,Gil Anguiano,,09:04:08 PM,10:02:27 PM,58,47%,Si,49.7,No,0,60,60,60,🥉 Bronce,
5944355419,Víctor Martínez,@Mrtnzvctr,09:10:03 PM,10:02:27 PM,52,42%,Si,44.4,No,1,70,190,190,🥉 Bronce,
1867254941,Florinda Berrios,,09:13:14 PM,10:02:27 PM,34,27%,Si,29.1,No,1,45,45,45,🥉 Bronce,
1779560581,Maricela Campos,,09:31:44 PM,10:02:27 PM,31,25%,Si,26.2,No,0,0,0,0,👑 Admin,
6440976097,Edelio Segovia,,08:26:25 PM,08:29:02 PM,3,2%,Si,2.2,No,0,0,0,0,Visita Fugaz,
8649198826,Orlis Javier Betancourt,,09:06:25 PM,09:12:45 PM,6,5%,Si,5.4,No,0,0,0,0,Visita Fugaz,
